feature,iv,n_bins,strength
PAY_0,0.8782239504842537,3,"suspeito (>0,5) — investigar vazamento"
n_months_delayed,0.8691096352659693,4,"suspeito (>0,5) — investigar vazamento"
mean_delay,0.8687412700057713,4,"suspeito (>0,5) — investigar vazamento"
max_delay,0.7791619308156836,3,"suspeito (>0,5) — investigar vazamento"
PAY_2,0.5520172862473319,2,"suspeito (>0,5) — investigar vazamento"
PAY_3,0.41814952785448173,3,forte
PAY_4,0.3658369245602393,3,forte
PAY_5,0.34132430666111946,3,forte
PAY_6,0.2939430341688738,3,médio
LIMIT_BAL,0.17422177558463398,6,médio
PAY_AMT1,0.1671600128184585,5,médio
PAY_AMT2,0.14298457523109953,6,médio
pay_ratio,0.1339256103103301,5,médio
PAY_AMT3,0.12131628695407048,6,médio
PAY_AMT4,0.10012824959371557,5,médio
PAY_AMT6,0.09018056540548744,5,fraco
utilization_avg,0.08986917480691466,4,fraco
pay_ratio_avg,0.08483618260627583,4,fraco
PAY_AMT5,0.08092196129905557,5,fraco
bill_trend,0.0652836217936994,4,fraco
utilization,0.05274966009209847,3,fraco
pay_trend,0.009600953620089326,3,inútil
BILL_AMT1,0.0070327535428572115,4,inútil
BILL_AMT2,0.005275379957943862,3,inútil
BILL_AMT3,0.004692183613398057,3,inútil
BILL_AMT4,0.0038907734128386376,4,inútil
BILL_AMT5,0.0029483401816466854,4,inútil
BILL_AMT6,0.002786689435809882,3,inútil
