batch,feature,psi,alert,psi_bins,csi_woe_shift
lote_1,PAY_0,0.005302832224013996,green,0.00028288991206030785,0.014371890402136064
lote_1,n_months_delayed,0.0023253249768454324,green,0.0006119833250150772,0.021072738198778813
lote_1,mean_delay,0.0007384782354216877,green,0.0007951629024822388,0.024566950466309925
lote_1,max_delay,0.004317625131078469,green,0.0006190770193258933,0.021166184019625098
lote_1,PAY_2,0.0015344843654896481,green,5.206883283490893e-05,0.004823596044023768
lote_1,PAY_3,0.0013326383668936564,green,0.0005103819950443596,0.005251921702840983
lote_1,PAY_4,0.004969955016581104,green,0.0012443402144795728,0.018546823063150204
lote_1,PAY_5,0.0029068349907739872,green,0.0002882377486060052,0.008621274823177417
lote_2,PAY_0,0.0021899838663760997,green,0.0004696303918276972,0.018333884929821763
lote_2,n_months_delayed,0.003390975777156109,green,0.002225295709797892,0.010364242653889381
lote_2,mean_delay,0.0012105027810253325,green,0.0013855008843892734,0.008922277343830281
lote_2,max_delay,0.004127176363743856,green,4.2962316110661465e-06,-0.0014118321190571522
lote_2,PAY_2,0.0028813382194963185,green,0.0001831519292184736,0.009018027386653159
lote_2,PAY_3,0.004443097342754412,green,0.000508596702442251,0.010142406943346033
lote_2,PAY_4,0.006262576243716092,green,0.0007001210526034777,0.013806856416176334
lote_2,PAY_5,0.005152738362355613,green,2.836861887744147e-05,-0.0022682570072929654
lote_3_choque_utilizacao,PAY_0,0.005078879720104741,green,0.001446413234560006,0.030084723318219337
lote_3_choque_utilizacao,n_months_delayed,0.0028543500089003382,green,0.00162687348044045,0.03038083366350674
lote_3_choque_utilizacao,mean_delay,0.001554103715152329,green,0.0015433320167234934,0.029632704958008682
lote_3_choque_utilizacao,max_delay,0.004244390038837348,green,0.0014922849787463023,0.030838588449681743
lote_3_choque_utilizacao,PAY_2,0.005116317970398409,green,0.0009092316377920721,0.01992354887748949
lote_3_choque_utilizacao,PAY_3,0.002075520887431063,green,0.0004579261855337924,0.0058074702418797735
lote_3_choque_utilizacao,PAY_4,0.0014255730698898583,green,0.0011328091888283538,0.01703133582372529
lote_3_choque_utilizacao,PAY_5,0.0016714130538013918,green,7.276528814682018e-05,0.0027252308878851954
lote_4_choque_atraso,PAY_0,0.153239649549592,amber,0.11529176082130824,-0.24506618155891358
lote_4_choque_atraso,n_months_delayed,0.30165665101553707,red,0.19082542225827126,-0.396294746481304
lote_4_choque_atraso,mean_delay,0.16760649055996663,amber,0.1462435118723365,-0.3586346741810524
lote_4_choque_atraso,max_delay,0.2932096504280981,red,0.18986065221605264,-0.15877263378661258
lote_4_choque_atraso,PAY_2,0.8728490872799665,red,0.16668760081055767,-0.319825389875489
lote_4_choque_atraso,PAY_3,1.2068749208826643,red,0.15523631322567977,-0.26914379115346404
lote_4_choque_atraso,PAY_4,1.329673608602636,red,0.20245742302031158,-0.29667456695298206
lote_4_choque_atraso,PAY_5,1.3518101528320094,red,0.22110250687753402,-0.30888229663605604
