feature,range,woe,n,bad_rate,points
PAY_0,"(-inf, 0]",0.5816771247686365,16189,0.13700660942615356,43.1
PAY_0,"(0, 1]",-0.6049420625635518,2616,0.34212538226299694,21.9
PAY_0,"(1, inf]",-2.0956379378794683,2195,0.6979498861047836,-4.9
max_delay,"(-inf, 0]",0.7865770367193635,13910,0.11452192667145938,39.3
max_delay,"(0, 1]",-0.12969519697050885,1200,0.24416666666666667,31.6
max_delay,"(1, inf]",-1.132048504755452,5890,0.46842105263157896,23.3
PAY_3,"(-inf, -1]",0.3622758915779042,7004,0.1650485436893204,33.8
PAY_3,"(-1, 0]",0.2897821400849532,11038,0.17530349701032796,33.6
PAY_3,"(0, inf]",-1.3599837067958738,2958,0.5253549695740365,28.7
PAY_4,"(-inf, -1]",0.32917017279765487,7008,0.1696632420091324,33.1
PAY_4,"(-1, 0]",0.2288510265491227,11509,0.18429055521765575,33.0
PAY_4,"(0, inf]",-1.4093601342622262,2483,0.5376560612162706,31.0
PAY_5,"(-inf, -1]",0.2783603916688384,7070,0.17694483734087693,33.7
PAY_5,"(-1, 0]",0.2048876131919684,11856,0.1879217273954116,33.4
PAY_5,"(0, inf]",-1.5084793274666226,2074,0.562198649951784,27.3
PAY_6,"(-inf, -1]",0.2502963588748453,7439,0.181072724828606,33.5
PAY_6,"(-1, 0]",0.19991436902694412,11379,0.18868090341857807,33.4
PAY_6,"(0, inf]",-1.368562510590797,2182,0.5274977085242897,28.3
LIMIT_BAL,"(-inf, 50000]",-0.5109438632331645,5377,0.32136879300725313,30.6
LIMIT_BAL,"(50000, 80000]",-0.1774160899954643,2168,0.25322878228782286,32.0
LIMIT_BAL,"(80000, 140000]",-0.13394287485662673,3129,0.24512623841482903,32.2
LIMIT_BAL,"(140000, 200000]",0.27997772191497666,3605,0.1766990291262136,33.8
LIMIT_BAL,"(200000, 300000]",0.42805222325029096,3554,0.15616207090602138,34.4
LIMIT_BAL,"(300000, inf]",0.6492253746561892,3167,0.12914430059993684,35.3
PAY_AMT1,"(-inf, 0]",-0.672626165529599,3630,0.3575757575757576,31.4
PAY_AMT1,"(0, 2118.5]",-0.024534146894998568,6870,0.2254730713245997,32.7
PAY_AMT1,"(2118.5, 3931]",0.010540488208108831,3501,0.21936589545844046,32.7
PAY_AMT1,"(3931, 7332.17]",0.3903356247662292,3499,0.16118891111746214,33.4
PAY_AMT1,"(7332.17, inf]",0.6141868578402165,3500,0.13314285714285715,33.9
PAY_AMT2,"(-inf, 0]",-0.566529940591521,3756,0.3335995740149095,29.4
PAY_AMT2,"(0, 1301]",-0.08178787394158324,3247,0.2356020942408377,32.2
PAY_AMT2,"(1301, 2015]",-0.0807919469293899,3500,0.23542857142857143,32.2
PAY_AMT2,"(2015, 3675.33]",0.029277906852520193,3497,0.21618530168716044,32.9
PAY_AMT2,"(3675.33, 7071]",0.3209656050509046,3501,0.17080834047415025,34.6
PAY_AMT2,"(7071, inf]",0.6566448819170599,3499,0.12832237782223493,36.6
pay_ratio,"(-inf, 0.0384052]",-0.6092361353448397,3500,0.34314285714285714,29.4
pay_ratio,"(0.0384052, 0.10186]",0.026322272118315622,7000,0.21671428571428572,32.9
pay_ratio,"(0.10186, 0.996856]",0.035360601062931554,3500,0.21514285714285714,32.9
pay_ratio,"(0.996856, 1]",0.18090231685706598,5047,0.19159896968496137,33.7
pay_ratio,"(1, inf]",0.871880657427839,1953,0.10599078341013825,37.4
PAY_AMT3,"(-inf, 0]",-0.5160421522316155,4174,0.3224724484906564,27.7
PAY_AMT3,"(0, 1000]",-0.08286154169493261,3380,0.23579881656804733,31.9
PAY_AMT3,"(1000, 1821.5]",-0.03976663922910769,2946,0.22810590631364563,32.3
PAY_AMT3,"(1821.5, 3067.33]",0.08344506304280122,3500,0.20714285714285716,33.5
PAY_AMT3,"(3067.33, 6384.33]",0.2632623521786851,3500,0.17914285714285713,35.3
PAY_AMT3,"(6384.33, inf]",0.5849033168327665,3500,0.13657142857142857,38.4
PAY_AMT4,"(-inf, 0]",-0.44698169603094623,4461,0.3075543600089666,29.2
PAY_AMT4,"(0, 1500]",-0.07024325094132561,6080,0.23355263157894737,32.2
PAY_AMT4,"(1500, 3000]",0.059901186715264516,3843,0.21103304709862086,33.2
PAY_AMT4,"(3000, 6000]",0.33901929555198607,3269,0.168247170388498,35.4
PAY_AMT4,"(6000, inf]",0.49915071034447933,3347,0.14699731102479832,36.6
PAY_AMT6,"(-inf, 0]",-0.35674764801067377,5061,0.2886781268524007,30.7
PAY_AMT6,"(0, 1500]",-0.12346827954931326,5637,0.24321447578499203,32.0
PAY_AMT6,"(1500, 3000]",0.07267280233441112,3748,0.20891141942369262,33.1
PAY_AMT6,"(3000, 5712.83]",0.3199801851355775,3054,0.17092337917485265,34.5
PAY_AMT6,"(5712.83, inf]",0.5140421547952189,3500,0.14514285714285713,35.6
utilization_avg,"(-inf, 0.28458]",0.26417129853196764,10500,0.17904761904761904,35.8
utilization_avg,"(0.28458, 0.557919]",0.05569553112802197,3500,0.21171428571428572,33.4
utilization_avg,"(0.557919, 0.801717]",-0.1904364373250444,3500,0.2557142857142857,30.5
utilization_avg,"(0.801717, inf]",-0.516686480763969,3500,0.32257142857142856,26.6
PAY_AMT5,"(-inf, 0]",-0.3666822804858956,4709,0.29071989806753024,31.4
PAY_AMT5,"(0, 1508.5]",-0.08896439403097768,5791,0.23691935762389915,32.4
PAY_AMT5,"(1508.5, 3000]",0.03050067188403412,3894,0.2159732922444787,32.8
PAY_AMT5,"(3000, 5941.83]",0.30168808995622926,3106,0.17353509336767547,33.8
PAY_AMT5,"(5941.83, inf]",0.47770089760879814,3500,0.14971428571428572,34.5
bill_trend,"(-inf, -0.0130458]",-0.41276788423767224,3500,0.30028571428571427,29.0
bill_trend,"(-0.0130458, -0.00137498]",-0.16172511384248212,3500,0.2502857142857143,31.2
bill_trend,"(-0.00137498, 0.00151019]",-0.06181130812770697,3500,0.232,32.2
bill_trend,"(0.00151019, inf]",0.2474192732970459,10500,0.18152380952380953,35.0
