threshold,approval_rate,bad_rate_approved,expected_loss,expected_cost,expected_profit,realized_profit_test,precision_bad_rejected,recall_bad_rejected
0.02,0.0017777777777777779,0.0,64435.67702904241,88829367.15999998,400286.37992613774,473313.48,0.22161620658949244,1.0
0.03,0.017,0.013071895424836602,740263.9275470336,85776893.0,3113430.418585347,3509347.6399999997,0.22482197355035605,0.9989954796584631
0.04,0.04811111111111111,0.03464203233256351,2397712.15066297,82050538.6,7367843.272756576,7202102.039999999,0.2306525037936267,0.9924660974384731
0.05,0.09588888888888888,0.0440324449594438,5190822.964542491,77930153.56,12431067.321502388,11270887.079999998,0.24001474744992013,0.9809141135107986
0.06,0.147,0.0491307634164777,8548779.147725742,73687513.24,16710563.56953035,15458327.399999999,0.2508792497069168,0.9673530889000502
0.07,0.1942222222222222,0.057780320366132724,11786436.493364468,71608181.08,19661282.70281826,17486659.559999995,0.2606177606177606,0.9492717227523857
0.08,0.24066666666666667,0.062326869806094184,15071166.755635096,69707165.24,21734448.597138613,19337515.4,0.27158326016973955,0.9321948769462581
0.09,0.2848888888888889,0.06474258970358815,18586014.645499762,67322484.1,23207945.985380337,21674436.539999995,0.28356121814791796,0.9166248116524359
0.1,0.3258888888888889,0.06784861916126833,22063434.78687091,65758675.25999999,24101635.308801502,23193965.379999995,0.2953683863523982,0.9000502260170768
0.11,0.3636666666666667,0.07393828292086771,25378160.67345756,66370925.2,24510923.086147614,22540915.439999998,0.30539549502357255,0.8784530386740331
0.12,0.4048888888888889,0.07766190998902305,29325069.77976769,66212259.66,24571263.382373624,22655060.979999997,0.3188946975354742,0.8578603716725264
0.13,0.4421111111111111,0.08268409148027142,33080455.098130453,67114272.63999999,24279318.39785143,21712847.999999993,0.33100975901214896,0.8347564038171773
0.14,0.4821111111111111,0.0884996542982254,37438986.23896478,69855531.25,23600180.031917095,18928389.389999993,0.3447757991847243,0.8071320944249121
0.15,0.5216666666666666,0.09435569755058573,41608874.44285248,70920543.56,22669906.68619528,17820657.07999999,0.35958188153310106,0.7774987443495731
0.16,0.5553333333333333,0.10124049619847938,45237796.75371562,73733984.78,21654968.938606665,14970855.859999994,0.37106446776611696,0.7458563535911602
0.17,0.5858888888888889,0.10411530438080789,48393536.558387354,74693086.22,20592272.052739553,13978754.419999992,0.3869063590018782,0.7242591662481165
0.18,0.6126666666666667,0.10736307580703663,51366056.12964746,76408471.4,19462343.954160962,12234449.239999995,0.4013195639701664,0.7026619789050729
0.19,0.6357777777777778,0.10975183502271933,54145083.64824544,76968651.38,18296201.074023884,11649309.259999994,0.41580231848688226,0.6845806127574083
0.2,0.6552222222222223,0.11344751568594201,56545840.32399437,78448696.77,17195694.810321465,10148263.869999994,0.426039316790203,0.6639879457559016
0.21,0.6726666666666666,0.11446977205153618,58891899.659954324,79000035.23,16045059.588829255,9578085.409999993,0.44059742023082143,0.6519337016574586
0.22,0.6901111111111111,0.11705039446143937,61212499.58561735,80330455.92,14836492.396807674,8228824.719999993,0.45320903549659375,0.634856855851331
0.23,0.7023333333333334,0.11912672045562411,63070274.398075014,81387134.47999999,13821357.67427712,7158946.159999994,0.46211272863008584,0.6217980914113511
0.24,0.7141111111111111,0.12074062548622996,65114895.70082985,82151238.82000001,12653043.960811477,6382121.819999994,0.47221142635056357,0.6102461074836766
0.25,0.7243333333333334,0.12087743518944623,66623759.98047197,81769017.46,11753329.93548995,6753303.179999993,0.4848851269649335,0.6042189854344551
0.26,0.7351111111111112,0.12182587666263603,68424546.66056621,82321257.77,10643176.804179491,6189422.869999995,0.49706375838926176,0.5951783023606229
0.27,0.7465555555555555,0.12457210894478345,70334835.08132851,84602866.11,9427899.240988484,3895454.529999993,0.5059184568171854,0.5796082370668006
0.28,0.7555555555555555,0.1263235294117647,71853398.93795085,85430786.93999998,8433556.822769435,3057813.6999999946,0.5145454545454545,0.5685585133098945
0.29,0.7652222222222222,0.12821257441556555,73485243.02803436,86494216.26,7339034.435360379,1983944.379999993,0.5243729294841457,0.5565042692114516
0.3,0.7736666666666666,0.1298290966537412,75122650.65456188,87231970.47,6215878.516974563,1237070.1699999936,0.533627884143348,0.5459568056253139
0.31,0.7817777777777778,0.1318931210915293,76619539.5558658,88486416.58999999,5164627.1463467395,-26135.950000006822,0.5412423625254582,0.5339025615268709
0.32,0.7886666666666666,0.1336996336996337,78017927.32045865,89935479.74000001,4165584.7979428857,-1482639.100000008,0.5478443743427971,0.5233550979407333
0.33,0.7963333333333333,0.1361797125715083,80138108.5839332,92076007.21,2627621.542411914,-3631446.570000006,0.5537370430987453,0.5097940733299849
0.34,0.8021111111111111,0.13699958442997645,81400737.14445297,92440569.69,1691552.4458801677,-4002249.0500000063,0.562605277933745,0.5032646911099949
0.35,0.8107777777777778,0.13937234479923255,83129637.64052227,93605909.73,390324.92172760493,-5176949.090000005,0.5719318849089842,0.48920140632847814
0.36,0.821,0.14183245364731356,84810811.0384232,95028514.68,-895896.3124010706,-6610594.040000007,0.585350713842334,0.47363134103465593
0.37,0.8292222222222222,0.14431193889856625,86595025.01263997,96306060.33999999,-2272328.440225534,-7897019.700000007,0.5946649316851008,0.4590657960823707
0.38,0.8351111111111111,0.1460883448642895,87612460.76934645,97006454.97,-3069142.279367266,-8603774.330000006,0.6017520215633423,0.4485183324962331
0.39,0.8401111111111111,0.14786403914826082,88583298.41662769,98069758.25,-3839029.587304648,-9672477.610000007,0.606671299513551,0.4384731290808639
0.4,0.8477777777777777,0.14993446920052425,91295188.4551458,101351672.54999998,-6005805.221076516,-12962671.910000006,0.6182481751824818,0.425414364640884
0.41,0.8514444444444444,0.1507242594284223,91840808.10333309,101688761.97,-6448841.775190957,-13303721.330000006,0.62528047868362,0.4198895027624309
0.42,0.8563333333333333,0.1515505384715194,92837210.78156644,102118066.94999999,-7263429.544533556,-13738306.310000004,0.6365042536736272,0.413360120542441
0.43,0.8605555555555555,0.15338928340865074,93744110.25332627,103276781.53,-8011475.126979638,-14901580.890000006,0.6398406374501993,0.40331491712707185
0.44,0.8628888888888889,0.1542621684264744,93975030.72913972,103464033.27000001,-8204842.680075553,-15091352.630000008,0.6426256077795786,0.39829231541938726
0.45,0.8656666666666667,0.1555641124374278,94464821.11613896,104059225.77,-8616005.811454874,-15689545.130000006,0.6443341604631927,0.3912606730286288
0.46,0.8691111111111111,0.15737663001789823,94961016.06289333,104756503.58999999,-9036294.925083153,-16390542.950000007,0.6451612903225806,0.3817177297840281
0.47,0.8722222222222222,0.15821656050955413,96178860.83323868,105834137.89,-10071365.276833273,-17471537.250000007,0.6513043478260869,0.3761928679055751
0.48,0.8748888888888889,0.15913131826263652,96647500.57043195,106064603.44,-10473599.692834226,-17704882.800000004,0.655417406749556,0.3706680060271221
0.49,0.877,0.16039528696313188,97052651.04642129,106702889.66000001,-10823662.63223633,-18345449.020000007,0.6549232158988256,0.3641386238071321
0.5,0.8798888888888889,0.16113145599191817,97691509.23056248,107158359.66000001,-11378444.846098911,-18804039.020000007,0.6614246068455134,0.35911602209944754
0.51,0.8822222222222222,0.1619647355163728,98255548.58931816,107599420.63999999,-11871099.452688687,-19247620.000000007,0.6650943396226415,0.35409342039176295
0.52,0.8848888888888888,0.1626067302862883,98806528.28868803,107950459.76,-12355512.951974548,-19601539.120000005,0.6718146718146718,0.3495730788548468
0.53,0.8873333333333333,0.16341096919609316,99241607.01579353,108211298.46,-12740556.756027443,-19865017.820000008,0.6765285996055227,0.34455047714716225
0.54,0.8893333333333333,0.16404297851074462,99658026.89308187,108626594.24,-13110820.62362088,-20282473.600000005,0.6807228915662651,0.3405323957810146
0.55,0.8913333333333333,0.16517078035402644,100102384.090406,109168111.28,-13507465.9072549,-20826150.640000008,0.6809815950920245,0.33450527373179306
0.56,0.8936666666666667,0.16648016909113514,100928701.48638615,110124727.44,-14247617.696032424,-21785286.800000004,0.6812957157784744,0.32747363134103463
0.57,0.8965555555555556,0.16805056388647913,101961540.48631363,111346302.15,-15177753.12261688,-23009981.510000005,0.682062298603652,0.31893520843797085
0.58,0.8994444444444445,0.16936380481778876,103191970.75506078,112716967.17,-16289959.56053031,-24383766.53,0.6850828729281768,0.311401305876444
0.59,0.901,0.16956468121839932,103608784.33134314,112797397.27,-16669001.040317005,-24465876.630000006,0.691358024691358,0.30939226519337015
0.6,0.9043333333333333,0.1709055166482369,104642980.32823007,113442930.13000001,-17612567.43678885,-25115009.490000006,0.6968641114982579,0.30135610246107486
0.61,0.9072222222222223,0.17256582976117574,105513171.70367327,114421836.50999999,-18410344.048957802,-26097035.870000005,0.6970059880239521,0.2923154193872426
0.62,0.9101111111111111,0.17397143205957757,106406811.01392415,115426062.4,-19232552.867242146,-27104381.760000005,0.6996291718170581,0.28427925665494724
0.63,0.9133333333333333,0.17493917274939172,107468231.70753404,115977415.21,-20212358.300000027,-27659214.570000004,0.708974358974359,0.2777498744349573
0.64,0.9175555555555556,0.17667716154032453,108820029.02604042,117139830.72,-21464810.68097393,-28826190.080000006,0.7169811320754716,0.2672024108488197
0.65,0.9224444444444444,0.17923391953746085,111170307.40556818,119747013.71,-23649059.911105376,-31438653.070000008,0.7206303724928367,0.2526368658965344
0.66,0.9272222222222222,0.1810665068903535,112526272.01983479,120708550.34,-24915131.147274196,-32405349.700000007,0.732824427480916,0.24108488196885988
0.67,0.9313333333333333,0.18313051777618708,113886160.17452554,121948308.55,-26187907.042590387,-33649547.910000004,0.7378640776699029,0.2290306378704169
0.68,0.9343333333333333,0.18420739683672255,115110715.8858306,122460066.94999999,-27337122.52873613,-34164546.31,0.7478849407783418,0.22199899547965846
0.69,0.9391111111111111,0.1871746332229058,117198904.73608033,124673540.93999998,-29302802.639019158,-36383180.300000004,0.7463503649635036,0.20542440984429935
0.7,0.9435555555555556,0.18959020254357042,118824053.81469662,126336371.16,-30838182.241450936,-38050810.519999996,0.75,0.19136112506278252
0.71,0.9488888888888889,0.19250585480093677,121500626.66428076,128732920.32000001,-33371114.47097964,-40453119.68000001,0.7543478260869565,0.17428427925665493
0.72,0.9534444444444444,0.19426640251718913,123743546.59504837,130372960.72999999,-35499587.61251628,-42098080.09,0.7732696897374701,0.16273229532898043
0.73,0.9563333333333334,0.19588706866504008,125016435.80064614,131653701.86999997,-36711035.2188604,-43381941.230000004,0.7760814249363868,0.1531893520843797
0.74,0.9614444444444444,0.1988905581879117,127609126.93434942,134266089.98999998,-39184608.84372411,-45999849.35000001,0.7780979827089337,0.13561024610748368
0.75,0.9655555555555555,0.20092059838895282,129743857.22886802,136029947.34999996,-41226995.044178545,-47768146.71,0.7903225806451613,0.12305374183827222
0.76,0.9695555555555555,0.20284208113683244,131712505.28277408,137440453.20999998,-43114692.62527208,-49182972.57000001,0.8065693430656934,0.11099949773982923
0.77,0.9736666666666667,0.20506675795960289,134021518.16365913,139910658.81,-45333761.45027511,-51657618.17,0.8185654008438819,0.09743847312908087
0.78,0.9781111111111112,0.20777007838236963,135914846.73392496,141843092.45000002,-47158697.929909736,-53594851.81,0.8223350253807107,0.08136614766449021
0.79,0.9811111111111112,0.20962627406568515,136974397.90570104,142953925.85,-48182868.271255955,-54708925.21000001,0.8235294117647058,0.07031642390758412
0.8,0.9838888888888889,0.21151891586674196,138148383.04169106,144302008.79000002,-49319161.91871129,-56060008.150000006,0.8137931034482758,0.05926670015067805
